channel,first_click,last_click,last_non_direct
direct,0.5137672462709747,0.5819912094502355,0.49302832072091973
paid_search,0.31610541486100757,0.25711317886623863,0.301668511481732
unknown_paid,0.13525997545188403,0.12699309969820596,0.1656689361598339
organic_search,0.033988595384351616,0.03302374395353792,0.03875546360573229
paid_social,0.0008787680317819908,0.000878768031781991,0.0008787680317819908
