device_type,sessions,purchases,purchase_rate
desktop,12480,101,0.008092948717948719
mobile,27653,171,0.006183777528658735
