device_type,sessions,purchases,purchase_rate
desktop,12482,103,0.00825188271110399
mobile,27655,173,0.00625564997288013
