user_type,sessions,purchases,purchase_rate
new,35271,200,0.005670380766068441
returning,4866,76,0.015618577887381833
