user_type,sessions,purchases,purchase_rate
new,35271,200,0.005670380766068441
returning,4862,72,0.014808720691073632
