total_revenue,total_purchases,total_sessions,conversion,aov,rps
278799.4,276,40133,0.006877133531009394,1010.1427536231885,6.94688660204819
